id,title,selftext,subreddit,author,score,upvote_ratio,num_comments,created_utc,url,permalink,link_flair_text,is_self,over_18,spoiler,stickied,locked,distinguished,retrieved_at,comments_collected,top_comment_score,avg_comment_score
1ndpzfz,"Microsoft Goes Back to BASIC, Open-Sources Bill Gates' Code",,programming,Top-Figure7252,675,0.91,128,1757537582.0,https://gizmodo.com/microsoft-goes-back-to-basic-open-sources-bill-gates-code-2000654010,https://reddit.com/r/programming/comments/1ndpzfz/microsoft_goes_back_to_basic_opensources_bill/,,False,False,False,False,False,,2025-09-11T20:23:32.345052+00:00,50,347.0,30.96
1ne4hb2,Eclipse 4.37 Released,,programming,BlueGoliath,60,0.85,33,1757583833.0,https://eclipse.dev/eclipse/markdown/?f=news/4.37/index.md,https://reddit.com/r/programming/comments/1ne4hb2/eclipse_437_released/,,False,False,False,False,False,,2025-09-11T20:23:34.852211+00:00,28,79.0,9.535714285714286
1neezti,The bloat of edge-case first libraries,,programming,ketralnis,13,0.77,1,1757611775.0,https://43081j.com/2025/09/bloat-of-edge-case-libraries,https://reddit.com/r/programming/comments/1neezti/the_bloat_of_edgecase_first_libraries/,,False,False,False,False,False,,2025-09-11T20:23:37.359844+00:00,1,1.0,1.0
1ne6jtd,Hashed sorting is typically faster than hash tables1,,programming,JadeLuxe,21,0.76,6,1757590967.0,https://reiner.org/hashed-sorting,https://reddit.com/r/programming/comments/1ne6jtd/hashed_sorting_is_typically_faster_than_hash/,,False,False,False,False,False,,2025-09-11T20:23:39.869920+00:00,5,17.0,4.8
1neexlm,From Unit Tests to Whole Universe Tests (with Will Wilson),,programming,ketralnis,2,0.56,3,1757611631.0,https://youtu.be/_xJ4maWhSNU,https://reddit.com/r/programming/comments/1neexlm/from_unit_tests_to_whole_universe_tests_with_will/,,False,False,False,False,False,,2025-09-11T20:23:42.375297+00:00,2,5.0,3.5
1neezq6,A new experimental Go API for JSON,,programming,ketralnis,5,0.69,0,1757611769.0,https://go.dev/blog/jsonv2-exp,https://reddit.com/r/programming/comments/1neezq6/a_new_experimental_go_api_for_json/,,False,False,False,False,False,,2025-09-11T20:23:44.880461+00:00,0,,
1ndemk4,Performance Improvements in .NET 10,,programming,ben_a_adams,331,0.93,129,1757511908.0,https://devblogs.microsoft.com/dotnet/performance-improvements-in-net-10/,https://reddit.com/r/programming/comments/1ndemk4/performance_improvements_in_net_10/,,False,False,False,False,False,,2025-09-11T20:23:47.390607+00:00,50,116.0,22.02
1nej02i,DSA used in Twitter's Open sourced algorithm,My analysis of Algorithms and Data Structures used in Twitter's open sourced 'For Used' recommendation engine. ,programming,bills2go,0,0.5,0,1757620984.0,https://figureout.hashnode.dev/algorithms-and-data-structures-from-twitters-recommendation-algorithm-2025,https://reddit.com/r/programming/comments/1nej02i/dsa_used_in_twitters_open_sourced_algorithm/,,False,False,False,False,False,,2025-09-11T20:23:49.897173+00:00,0,,
1neg7r4,Domain-Driven Design with TypeScript Decorators and Reflection,,programming,FrequentBid2476,0,0.5,1,1757614543.0,https://auslake.vercel.app/blog/domain-driven-design-with-typescript-decorators,https://reddit.com/r/programming/comments/1neg7r4/domaindriven_design_with_typescript_decorators/,,False,False,False,False,False,,2025-09-11T20:23:52.398245+00:00,1,1.0,1.0
1ndjw6y,Many Hard Leetcode Problems are Easy Constraint Problems,,programming,avinassh,93,0.87,36,1757523670.0,https://buttondown.com/hillelwayne/archive/many-hard-leetcode-problems-are-easy-constraint/,https://reddit.com/r/programming/comments/1ndjw6y/many_hard_leetcode_problems_are_easy_constraint/,,False,False,False,False,False,,2025-09-11T20:23:54.903755+00:00,15,99.0,16.466666666666665
